"Status","Start Time","Stop Time","Duration in ms","Parent Suite","Suite","Sub Suite","Test Class","Test Method","Name","Description"
"broken","Sat Oct 03 03:34:01 UTC 2026","Sat Oct 03 03:34:32 UTC 2026","30247","tests.ui.login","test_login","","","","test_login_invalid_password","
REGRESSION — Verify that an invalid password shows the correct Salesforce error.

Uses the real username from config but a wrong password.
Expected error: ""Error: Please check your username and password...""

Fixture: setup_browser (unauthenticated browser)
"
"broken","Sat Oct 03 03:32:25 UTC 2026","Sat Oct 03 03:32:56 UTC 2026","30250","tests.ui.login","test_login","","","","test_login_invalid_username","
REGRESSION — Verify that an invalid username shows the correct Salesforce error.

Uses a raw browser (not pre-logged-in) to test the error state.
Expected error: ""Error: Please check your username and password...""

Fixture: setup_browser (unauthenticated browser)
"
"broken","Sat Oct 03 03:35:37 UTC 2026","Sat Oct 03 03:36:08 UTC 2026","30351","tests.ui.login","test_login","","","","test_login_empty_password","
REGRESSION — Verify that submitting an empty password shows the correct error.

Salesforce shows a different, shorter error for blank password submissions.
Expected error: ""Error: Please enter your password.""

Fixture: setup_browser (unauthenticated browser)
"
"broken","Sat Oct 03 03:30:49 UTC 2026","Sat Oct 03 03:30:49 UTC 2026","0","tests.ui.account","test_account_creation","","","","test_create_account_validation_errors","
REGRESSION — Verify that saving an Individual account form with all fields
empty displays validation error messages and stays on the form.

Fixture: login (already logged in)
"
